{"East Midlands": [[1995, 55041.0], [1996, 58353.5], [1997, 61689.25], [1998, 65986.25], [1999, 72008.25], [2000, 79101.5], [2001, 86756.75], [2002, 104221.75], [2003, 129022.0], [2004, 154493.0], [2005, 161487.25], [2006, 164336.25], [2007, 176254.8059925042], [2008, 177025.06587021082], [2009, 172414.90758713594], [2010, 184610.11807277583], [2011, 178883.56711606204], [2012, 176591.74593736473], [2013, 177702.4129130028], [2014, 187812.4392291076], [2015, 199382.77], [2016, 206744.34595533382], [2017, 212653.03913512998], [2018, 222455.96486149787], [2019, 223877.7979413423], [2020, 235998.91666666666], [2021, 258271.5], [2022, 271212.3333333333]], "East of England": [[1995, 69846.75], [1996, 72523.75], [1997, 80629.0], [1998, 88693.75], [1999, 96571.5], [2000, 111793.25], [2001, 127588.5], [2002, 150829.5], [2003, 180557.5], [2004, 202985.0], [2005, 211661.25], [2006, 221125.5], [2007, 238147.1101360977], [2008, 244439.0176787281], [2009, 233490.77640684674], [2010, 261444.9199465625], [2011, 255956.1170489536], [2012, 255498.69388812757], [2013, 258066.1151735208], [2014, 279726.07244764926], [2015, 305995.8525], [2016, 326466.7955841156], [2017, 335126.3797811996], [2018, 338341.47103913274], [2019, 339048.9220517695], [2020, 356292.3333333333], [2021, 377975.6666666666], [2022, 398164.3333333333]], "England and Wales": [[1995, 67273.25], [1996, 70932.5], [1997, 77509.25], [1998, 83503.5], [1999, 94069.75], [2000, 104818.0], [2001, 116609.25], [2002, 133339.0], [2003, 159148.5], [2004, 188942.75], [2005, 199790.25], [2006, 211348.0], [2007, 229162.16806617583], [2008, 233789.26249070244], [2009, 230265.82443870173], [2010, 256883.82687685548], [2011, 251170.24992264208], [2012, 251884.44818569426], [2013, 257147.80511156938], [2014, 273904.22803184326], [2015, 285770.6283333333], [2016, 292674.12719803513], [2017, 292013.7538135149], [2018, 294431.99023801705], [2019, 294228.3665064201], [2020, 315472.4166666667], [2021, 336196.9166666666], [2022, 354537.6666666667]], "England": [[1995, 68000.75], [1996, 71741.5], [1997, 78416.25], [1998, 84615.25], [1999, 95413.5], [2000, 106806.0], [2001, 118979.75], [2002, 136218.5], [2003, 162187.75], [2004, 192002.0], [2005, 202408.75], [2006, 214044.75], [2007, 232054.10967140718], [2008, 237112.0515275937], [2009, 233511.95998995035], [2010, 261192.16929206246], [2011, 255538.195757524], [2012, 256150.93696609052], [2013, 260849.86376920188], [2014, 277863.38542960107], [2015, 290874.1541666667], [2016, 298461.5832089453], [2017, 297741.19040280185], [2018, 300167.3903840457], [2019, 299914.35623623], [2020, 320961.75000000006], [2021, 341787.9166666666], [2022, 360343.4166666667]], "Great Britain": [[1995, 66184.25], [1996, 69902.25], [1997, 76219.25], [1998, 82220.75], [1999, 92516.25], [2000, 102130.5], [2001, 113099.5], [2002, 128214.0], [2003, 152508.0], [2004, 181941.25], [2005, 192422.75], [2006, 205403.75], [2007, 223345.88771364122], [2008, 227913.65560862626], [2009, 226634.324845899], [2010, 252226.97018030102], [2011, 246649.70778642147], [2012, 247296.67239701527], [2013, 252001.01070086609], [2014, 268689.19024113356], [2015, 278879.6358333333], [2016, 285035.61561408936], [2017, 283194.08753153466], [2018, 285892.4610269885], [2019, 285395.8748490896], [2020, 306481.8333333333], [2021, 327324.0833333333], [2022, 344202.4166666667]], "London": [[1995, 89538.5], [1996, 93915.25], [1997, 105361.75], [1998, 115087.25], [1999, 141002.75], [2000, 163581.5], [2001, 181733.25], [2002, 205567.75], [2003, 236627.5], [2004, 272886.25], [2005, 282548.5], [2006, 305544.0], [2007, 342122.249557733], [2008, 351494.4743434187], [2009, 338119.7832318514], [2010, 384645.7973682443], [2011, 401488.578103283], [2012, 410379.4425499657], [2013, 427753.10461218416], [2014, 469545.6970101313], [2015, 513812.0133333333], [2016, 534271.8582202978], [2017, 535731.7834838282], [2018, 538132.3270282478], [2019, 538042.8221467392], [2020, 575275.75], [2021, 602646.8333333333], [2022, 613645.5833333333]], "North East": [[1995, 46627.25], [1996, 50847.0], [1997, 52581.75], [1998, 55821.75], [1999, 61451.5], [2000, 63446.75], [2001, 69132.25], [2002, 78244.0], [2003, 99036.5], [2004, 126611.5], [2005, 135210.25], [2006, 141125.5], [2007, 152294.62322944598], [2008, 158532.07554081667], [2009, 156824.8068712638], [2010, 161543.32063876645], [2011, 153276.75810742602], [2012, 152501.24927134678], [2013, 154383.50110204736], [2014, 161605.5352928556], [2015, 167750.32666666666], [2016, 168512.55621925052], [2017, 167534.6757609782], [2018, 168726.4205096459], [2019, 171046.55458603895], [2020, 179862.16666666666], [2021, 192096.3333333333], [2022, 197492.24999999994]], "North West": [[1995, 56169.5], [1996, 57291.25], [1997, 62906.75], [1998, 65627.5], [1999, 71691.75], [2000, 77524.5], [2001, 81751.75], [2002, 91430.25], [2003, 113529.0], [2004, 139095.25], [2005, 149440.25], [2006, 157506.0], [2007, 170072.29298634455], [2008, 174848.83865594314], [2009, 174304.57024971745], [2010, 183363.52621139266], [2011, 175401.91246892072], [2012, 173589.73236776615], [2013, 174657.23008065624], [2014, 184331.998151485], [2015, 192488.67583333334], [2016, 196522.53400922526], [2017, 197884.88918161023], [2018, 202000.00319072854], [2019, 204615.48617793532], [2020, 216767.24999999994], [2021, 237043.58333333328], [2022, 248173.0]], "Northern Ireland": [[1995, 42763.75], [1996, 47894.0], [1997, 53374.75], [1998, 59443.0], [1999, 66437.0], [2000, 72372.25], [2001, 79691.5], [2002, 83721.0], [2003, 94935.5], [2004, 110187.75], [2005, 129229.0], [2006, 169259.25], [2007, 229701.35911040867], [2008, 218281.73549867637], [2009, 184866.90562379418], [2010, 168018.38999390084], [2011, 141331.17267283276], [2012, 130702.32648686621], [2013, 135574.68680812226], [2014, 144091.6949546982], [2015, 151628.48750000002], [2016, 151623.65832777892], [2017, 154126.45627663223], [2018, 157874.3074007758], [2019, 160064.71687547458], [2020, 172167.5], [2021, 182366.58333333334], [2022, 191514.91666666666]], "Scotland": [[1995, 53024.0], [1996, 56358.0], [1997, 57396.75], [1998, 63241.0], [1999, 68847.0], [2000, 69500.25], [2001, 73447.5], [2002, 76877.25], [2003, 95006.0], [2004, 118931.5], [2005, 129631.25], [2006, 137191.25], [2007, 158798.11979979152], [2008, 168593.32724257215], [2009, 174433.2757585688], [2010, 184806.05651777546], [2011, 179863.03205583736], [2012, 180494.42706335246], [2013, 181288.90610941054], [2014, 190992.2594846235], [2015, 193411.08000000002], [2016, 187250.43113682233], [2017, 185004.5426788826], [2018, 190464.24209893108], [2019, 192538.12369405033], [2020, 201856.99999999994], [2021, 218216.8333333333], [2022, 230147.0833333333]], "South East": [[1995, 82829.25], [1996, 87081.5], [1997, 94446.75], [1998, 106629.5], [1999, 120633.25], [2000, 142917.75], [2001, 156118.75], [2002, 178435.5], [2003, 210778.75], [2004, 237000.0], [2005, 243536.75], [2006, 256889.25], [2007, 278054.015140777], [2008, 285142.8672039279], [2009, 273968.2990392522], [2010, 309300.6485710642], [2011, 301356.16149588185], [2012, 303034.34125839913], [2013, 305034.34268045076], [2014, 330010.29418617714], [2015, 356036.2841666667], [2016, 374839.0884306252], [2017, 379278.00134371576], [2018, 381838.89933081897], [2019, 380670.70224547246], [2020, 404280.9166666666], [2021, 425552.0], [2022, 452006.5]],